time_s,MassTrsf.Gas_comps,MassTrsf.Cell_centers,value
0.0,1.0,0.0625,1.0
0.0,1.0,0.1875,1.0
0.0,1.0,0.3125,1.0
0.0,1.0,0.4375,1.0
0.0,1.0,0.5625,1.0
0.0,1.0,0.6875,1.0
0.0,1.0,0.8125,1.0
0.0,1.0,0.9375,1.0
0.0,1.0,1.0625,1.0
0.0,1.0,1.1875,1.0
0.0,1.0,1.3125,1.0
0.0,1.0,1.4375,1.0
0.0,1.0,1.5625,1.0
0.0,1.0,1.6875,1.0
0.0,1.0,1.8125,1.0
0.0,1.0,1.9375,1.0
0.0,1.0,2.0625,1.0
0.0,1.0,2.1875,1.0
0.0,1.0,2.3125,1.0
0.0,1.0,2.4375,0.9999999999999999
0.0,2.0,0.0625,-1.2220601657752057e-74
0.0,2.0,0.1875,-3.939021370029104e-64
0.0,2.0,0.3125,1.255187145676114e-54
0.0,2.0,0.4375,-3.996084364321453e-45
0.0,2.0,0.5625,3.9997313318708966e-45
0.0,2.0,0.6875,1.491378369990795e-53
0.0,2.0,0.8125,-4.032223910497435e-92
0.0,2.0,0.9375,1.2790505319166483e-82
0.0,2.0,1.0625,-4.0535280297781175e-73
0.0,2.0,1.1875,4.0572614813306476e-73
0.0,2.0,1.3125,-2.0118188452524736e-93
0.0,2.0,1.4375,6.340598132704536e-84
0.0,2.0,1.5625,-6.373179226500631e-84
0.0,2.0,1.6875,-7.457875491735657e-94
0.0,2.0,1.8125,7.49699829633553e-94
0.0,2.0,1.9375,-5.264352986206192e-102
0.0,2.0,2.0625,-3.528372032235821e-103
0.0,2.0,2.1875,1.2802411537543972e-111
0.0,2.0,2.3125,4.1524188694335915e-113
0.0,2.0,2.4375,3.110916795166254e-121
0.0,3.0,0.0625,4.279079076972103e-36
0.0,3.0,0.1875,-4.2829630826839046e-36
0.0,3.0,0.3125,-1.9612299151189281e-56
0.0,3.0,0.4375,6.243881819252269e-47
0.0,3.0,0.5625,-6.249580206048276e-47
0.0,3.0,0.6875,-2.4759211221008257e-55
0.0,3.0,0.8125,1.4577582398792733e-56
0.0,3.0,0.9375,5.7752783222805505e-65
0.0,3.0,1.0625,-3.4003457521427114e-66
0.0,3.0,1.1875,-1.2678942129158276e-74
0.0,3.0,1.3125,-5.909540435222863e-84
0.0,3.0,1.4375,6.340598130746233e-84
0.0,3.0,1.5625,7.419357109727771e-94
0.0,3.0,1.6875,-7.341346184518887e-94
0.0,3.0,1.8125,-1.1714059925300812e-95
0.0,3.0,1.9375,1.727365826292125e-103
0.0,3.0,2.0625,-7.299012630929448e-103
0.0,3.0,2.1875,2.0061389514924456e-93
0.0,3.0,2.3125,-5.463882073840134e-84
0.0,3.0,2.4375,1.4801208633627538e-74
5.0,1.0,0.0625,1.0
5.0,1.0,0.1875,1.0
5.0,1.0,0.3125,1.0
5.0,1.0,0.4375,1.0
5.0,1.0,0.5625,1.0
5.0,1.0,0.6875,1.0
5.0,1.0,0.8125,1.0
5.0,1.0,0.9375,1.0
5.0,1.0,1.0625,1.0000000000000002
5.0,1.0,1.1875,1.0
5.0,1.0,1.3125,1.0
5.0,1.0,1.4375,1.0
5.0,1.0,1.5625,1.0
5.0,1.0,1.6875,1.0
5.0,1.0,1.8125,1.0
5.0,1.0,1.9375,1.0000000000000002
5.0,1.0,2.0625,1.0
5.0,1.0,2.1875,1.0000000000000002
5.0,1.0,2.3125,1.0
5.0,1.0,2.4375,0.9999999999999999
5.0,2.0,0.0625,1.4738370986599468e-25
5.0,2.0,0.1875,9.501872655753913e-25
5.0,2.0,0.3125,-1.1477261205774213e-25
5.0,2.0,0.4375,9.174193474970535e-25
5.0,2.0,0.5625,7.208358510050519e-25
5.0,2.0,0.6875,4.689729153845316e-26
5.0,2.0,0.8125,-5.536407297351574e-25
5.0,2.0,0.9375,1.2507848388769209e-26
5.0,2.0,1.0625,-5.724093883390851e-25
5.0,2.0,1.1875,1.1965229978270331e-24
5.0,2.0,1.3125,5.5543044987293626e-27
5.0,2.0,1.4375,-1.408320696103765e-26
5.0,2.0,1.5625,2.6144468003496114e-24
5.0,2.0,1.6875,5.607163062641159e-24
5.0,2.0,1.8125,5.3785831165521274e-24
5.0,2.0,1.9375,2.9334031308925445e-24
5.0,2.0,2.0625,2.427527394476459e-24
5.0,2.0,2.1875,5.86179454051394e-24
5.0,2.0,2.3125,4.3739060520155846e-24
5.0,2.0,2.4375,3.5002078366476856e-24
5.0,3.0,0.0625,9.394970659155377e-27
5.0,3.0,0.1875,-3.878803632065787e-27
5.0,3.0,0.3125,-2.6475767940394675e-26
5.0,3.0,0.4375,-4.240688345448051e-26
5.0,3.0,0.5625,-6.154176473187893e-26
5.0,3.0,0.6875,-1.0492225052203326e-25
5.0,3.0,0.8125,-3.5678480522572203e-26
5.0,3.0,0.9375,-6.593490083576704e-26
5.0,3.0,1.0625,-3.556266450271995e-26
5.0,3.0,1.1875,-1.1032051465137267e-25
5.0,3.0,1.3125,-9.99318259741099e-26
5.0,3.0,1.4375,-5.503603514922935e-26
5.0,3.0,1.5625,-1.7391787653532537e-26
5.0,3.0,1.6875,7.753073064879136e-26
5.0,3.0,1.8125,6.083610331392847e-26
5.0,3.0,1.9375,1.0960095735767667e-25
5.0,3.0,2.0625,1.3316405443416882e-25
5.0,3.0,2.1875,1.8501893564010058e-25
5.0,3.0,2.3125,2.9688983211743456e-25
5.0,3.0,2.4375,4.608687172834346e-25
5.0,1.0,0.0625,1.0
5.0,1.0,0.1875,1.0
5.0,1.0,0.3125,1.0
5.0,1.0,0.4375,1.0
5.0,1.0,0.5625,1.0
5.0,1.0,0.6875,1.0
5.0,1.0,0.8125,1.0
5.0,1.0,0.9375,1.0
5.0,1.0,1.0625,1.0000000000000002
5.0,1.0,1.1875,1.0
5.0,1.0,1.3125,1.0
5.0,1.0,1.4375,1.0
5.0,1.0,1.5625,1.0
5.0,1.0,1.6875,1.0
5.0,1.0,1.8125,1.0
5.0,1.0,1.9375,1.0000000000000002
5.0,1.0,2.0625,1.0
5.0,1.0,2.1875,1.0000000000000002
5.0,1.0,2.3125,1.0
5.0,1.0,2.4375,0.9999999999999999
5.0,2.0,0.0625,1.4738370986599468e-25
5.0,2.0,0.1875,9.501872655753913e-25
5.0,2.0,0.3125,-1.1477261205774213e-25
5.0,2.0,0.4375,9.174193474970535e-25
5.0,2.0,0.5625,7.208358510050519e-25
5.0,2.0,0.6875,4.689729153845316e-26
5.0,2.0,0.8125,-5.536407297351574e-25
5.0,2.0,0.9375,1.2507848388769209e-26
5.0,2.0,1.0625,-5.724093883390851e-25
5.0,2.0,1.1875,1.1965229978270331e-24
5.0,2.0,1.3125,5.5543044987293626e-27
5.0,2.0,1.4375,-1.408320696103765e-26
5.0,2.0,1.5625,2.6144468003496114e-24
5.0,2.0,1.6875,5.607163062641159e-24
5.0,2.0,1.8125,5.3785831165521274e-24
5.0,2.0,1.9375,2.9334031308925445e-24
5.0,2.0,2.0625,2.427527394476459e-24
5.0,2.0,2.1875,5.86179454051394e-24
5.0,2.0,2.3125,4.3739060520155846e-24
5.0,2.0,2.4375,3.5002078366476856e-24
5.0,3.0,0.0625,9.394970659155377e-27
5.0,3.0,0.1875,-3.878803632065787e-27
5.0,3.0,0.3125,-2.6475767940394675e-26
5.0,3.0,0.4375,-4.240688345448051e-26
5.0,3.0,0.5625,-6.154176473187893e-26
5.0,3.0,0.6875,-1.0492225052203326e-25
5.0,3.0,0.8125,-3.5678480522572203e-26
5.0,3.0,0.9375,-6.593490083576704e-26
5.0,3.0,1.0625,-3.556266450271995e-26
5.0,3.0,1.1875,-1.1032051465137267e-25
5.0,3.0,1.3125,-9.99318259741099e-26
5.0,3.0,1.4375,-5.503603514922935e-26
5.0,3.0,1.5625,-1.7391787653532537e-26
5.0,3.0,1.6875,7.753073064879136e-26
5.0,3.0,1.8125,6.083610331392847e-26
5.0,3.0,1.9375,1.0960095735767667e-25
5.0,3.0,2.0625,1.3316405443416882e-25
5.0,3.0,2.1875,1.8501893564010058e-25
5.0,3.0,2.3125,2.9688983211743456e-25
5.0,3.0,2.4375,4.608687172834346e-25
8.0,1.0,0.0625,1.0000000000000004
8.0,1.0,0.1875,0.9999999999999999
8.0,1.0,0.3125,1.0
8.0,1.0,0.4375,1.0000000000000002
8.0,1.0,0.5625,1.0000000000000002
8.0,1.0,0.6875,0.9999999999999999
8.0,1.0,0.8125,1.0
8.0,1.0,0.9375,0.9999999999999999
8.0,1.0,1.0625,1.0000000000000002
8.0,1.0,1.1875,1.0
8.0,1.0,1.3125,0.9999999999999993
8.0,1.0,1.4375,0.9999999999999999
8.0,1.0,1.5625,0.9999999999999998
8.0,1.0,1.6875,1.0
8.0,1.0,1.8125,1.0000000000000002
8.0,1.0,1.9375,1.0000000000000002
8.0,1.0,2.0625,1.0000000000000002
8.0,1.0,2.1875,1.0
8.0,1.0,2.3125,1.0000000000000002
8.0,1.0,2.4375,0.9999999999999997
8.0,2.0,0.0625,-4.486752360901876e-23
8.0,2.0,0.1875,-2.2962143432684478e-23
8.0,2.0,0.3125,5.39842610734753e-23
8.0,2.0,0.4375,-8.503814416942755e-23
8.0,2.0,0.5625,1.9108421149081866e-23
8.0,2.0,0.6875,1.6557543845369692e-22
8.0,2.0,0.8125,3.887856632388894e-22
8.0,2.0,0.9375,-8.264976107414575e-24
8.0,2.0,1.0625,-5.202111162718183e-22
8.0,2.0,1.1875,-1.5950498830251921e-22
8.0,2.0,1.3125,4.169184264926587e-22
8.0,2.0,1.4375,4.044848331119051e-22
8.0,2.0,1.5625,3.680893357085962e-22
8.0,2.0,1.6875,6.475085854642187e-22
8.0,2.0,1.8125,8.920803556030852e-22
8.0,2.0,1.9375,8.192143598778149e-22
8.0,2.0,2.0625,7.172692302219297e-22
8.0,2.0,2.1875,2.738900277553371e-22
8.0,2.0,2.3125,-2.42910442770122e-22
8.0,2.0,2.4375,-3.280756602236018e-22
8.0,3.0,0.0625,3.179228545549109e-24
8.0,3.0,0.1875,9.351727703210956e-24
8.0,3.0,0.3125,9.042034183321088e-24
8.0,3.0,0.4375,-1.6524965455606282e-24
8.0,3.0,0.5625,-1.613639181864191e-23
8.0,3.0,0.6875,-1.7339925964430502e-23
8.0,3.0,0.8125,3.93321216017462e-24
8.0,3.0,0.9375,2.594229502652873e-23
8.0,3.0,1.0625,2.338865326338844e-23
8.0,3.0,1.1875,1.2227626185115752e-23
8.0,3.0,1.3125,-7.88333558835606e-24
8.0,3.0,1.4375,-3.2526379720914477e-23
8.0,3.0,1.5625,-4.385463719697606e-23
8.0,3.0,1.6875,-2.1520475349146348e-23
8.0,3.0,1.8125,1.7537692292241687e-24
8.0,3.0,1.9375,3.148225437147585e-23
8.0,3.0,2.0625,5.354341030006773e-23
8.0,3.0,2.1875,4.474993911766737e-23
8.0,3.0,2.3125,4.9086236277926823e-23
8.0,3.0,2.4375,2.5801505769382722e-23
8.0,1.0,0.0625,1.0000000000000004
8.0,1.0,0.1875,0.9999999999999999
8.0,1.0,0.3125,1.0
8.0,1.0,0.4375,1.0000000000000002
8.0,1.0,0.5625,1.0000000000000002
8.0,1.0,0.6875,0.9999999999999999
8.0,1.0,0.8125,1.0
8.0,1.0,0.9375,0.9999999999999999
8.0,1.0,1.0625,1.0000000000000002
8.0,1.0,1.1875,1.0
8.0,1.0,1.3125,0.9999999999999993
8.0,1.0,1.4375,0.9999999999999999
8.0,1.0,1.5625,0.9999999999999998
8.0,1.0,1.6875,1.0
8.0,1.0,1.8125,1.0000000000000002
8.0,1.0,1.9375,1.0000000000000002
8.0,1.0,2.0625,1.0000000000000002
8.0,1.0,2.1875,1.0
8.0,1.0,2.3125,1.0000000000000002
8.0,1.0,2.4375,0.9999999999999997
8.0,2.0,0.0625,-4.486752360901876e-23
8.0,2.0,0.1875,-2.2962143432684478e-23
8.0,2.0,0.3125,5.39842610734753e-23
8.0,2.0,0.4375,-8.503814416942755e-23
8.0,2.0,0.5625,1.9108421149081866e-23
8.0,2.0,0.6875,1.6557543845369692e-22
8.0,2.0,0.8125,3.887856632388894e-22
8.0,2.0,0.9375,-8.264976107414575e-24
8.0,2.0,1.0625,-5.202111162718183e-22
8.0,2.0,1.1875,-1.5950498830251921e-22
8.0,2.0,1.3125,4.169184264926587e-22
8.0,2.0,1.4375,4.044848331119051e-22
8.0,2.0,1.5625,3.680893357085962e-22
8.0,2.0,1.6875,6.475085854642187e-22
8.0,2.0,1.8125,8.920803556030852e-22
8.0,2.0,1.9375,8.192143598778149e-22
8.0,2.0,2.0625,7.172692302219297e-22
8.0,2.0,2.1875,2.738900277553371e-22
8.0,2.0,2.3125,-2.42910442770122e-22
8.0,2.0,2.4375,-3.280756602236018e-22
8.0,3.0,0.0625,3.179228545549109e-24
8.0,3.0,0.1875,9.351727703210956e-24
8.0,3.0,0.3125,9.042034183321088e-24
8.0,3.0,0.4375,-1.6524965455606282e-24
8.0,3.0,0.5625,-1.613639181864191e-23
8.0,3.0,0.6875,-1.7339925964430502e-23
8.0,3.0,0.8125,3.93321216017462e-24
8.0,3.0,0.9375,2.594229502652873e-23
8.0,3.0,1.0625,2.338865326338844e-23
8.0,3.0,1.1875,1.2227626185115752e-23
8.0,3.0,1.3125,-7.88333558835606e-24
8.0,3.0,1.4375,-3.2526379720914477e-23
8.0,3.0,1.5625,-4.385463719697606e-23
8.0,3.0,1.6875,-2.1520475349146348e-23
8.0,3.0,1.8125,1.7537692292241687e-24
8.0,3.0,1.9375,3.148225437147585e-23
8.0,3.0,2.0625,5.354341030006773e-23
8.0,3.0,2.1875,4.474993911766737e-23
8.0,3.0,2.3125,4.9086236277926823e-23
8.0,3.0,2.4375,2.5801505769382722e-23
10.0,1.0,0.0625,0.7599028838985201
10.0,1.0,0.1875,0.7661481619677774
10.0,1.0,0.3125,0.7748680383419884
10.0,1.0,0.4375,0.7844041438881201
10.0,1.0,0.5625,0.7941386999856924
10.0,1.0,0.6875,0.8039278835953986
10.0,1.0,0.8125,0.8137487705036754
10.0,1.0,0.9375,0.8235836413275242
10.0,1.0,1.0625,0.833469917150693
10.0,1.0,1.1875,0.8432956899390159
10.0,1.0,1.3125,0.853401388818344
10.0,1.0,1.4375,0.8628047122967221
10.0,1.0,1.5625,0.8719540252416191
10.0,1.0,1.6875,0.8811663400265021
10.0,1.0,1.8125,0.8903500298413075
10.0,1.0,1.9375,0.8995555148069362
10.0,1.0,2.0625,0.9086088501037656
10.0,1.0,2.1875,0.9178173667527584
10.0,1.0,2.3125,0.9262780720244347
10.0,1.0,2.4375,0.9400660162576182
10.0,2.0,0.0625,0.24009711610147977
10.0,2.0,0.1875,0.23385183803222254
10.0,2.0,0.3125,0.2251319616580115
10.0,2.0,0.4375,0.21559585611188
10.0,2.0,0.5625,0.20586130001430766
10.0,2.0,0.6875,0.19607211640460134
10.0,2.0,0.8125,0.1862512294963247
10.0,2.0,0.9375,0.17641635867247565
10.0,2.0,1.0625,0.16653008284930684
10.0,2.0,1.1875,0.15670431006098404
10.0,2.0,1.3125,0.14659861118165624
10.0,2.0,1.4375,0.13719528770327777
10.0,2.0,1.5625,0.1280459747583809
10.0,2.0,1.6875,0.1188336599734981
10.0,2.0,1.8125,0.10964997015869281
10.0,2.0,1.9375,0.10044448519306347
10.0,2.0,2.0625,0.09139114989623434
10.0,2.0,2.1875,0.08218263324724161
10.0,2.0,2.3125,0.0737219279755653
10.0,2.0,2.4375,0.059933983742381916
10.0,3.0,0.0625,-4.722539762515375e-25
10.0,3.0,0.1875,1.389491530142179e-24
10.0,3.0,0.3125,1.9376482722485432e-24
10.0,3.0,0.4375,-1.0024093275446467e-25
10.0,3.0,0.5625,-2.557464470115966e-24
10.0,3.0,0.6875,-4.39885424999301e-24
10.0,3.0,0.8125,-4.883128603850892e-24
10.0,3.0,0.9375,-3.615289182113733e-24
10.0,3.0,1.0625,-1.6746702203498103e-24
10.0,3.0,1.1875,-5.470553757240276e-25
10.0,3.0,1.3125,1.193328033221174e-27
10.0,3.0,1.4375,1.5534063462164047e-26
10.0,3.0,1.5625,-1.7934219713121478e-25
10.0,3.0,1.6875,-6.023106145695731e-25
10.0,3.0,1.8125,-5.913930993816302e-25
10.0,3.0,1.9375,-1.7059431828237705e-24
10.0,3.0,2.0625,-9.506131148940563e-25
10.0,3.0,2.1875,-4.264090721603687e-24
10.0,3.0,2.3125,-5.373795760610132e-24
10.0,3.0,2.4375,2.8110386652823875e-24
10.0,1.0,0.0625,0.7599028838985201
10.0,1.0,0.1875,0.7661481619677774
10.0,1.0,0.3125,0.7748680383419884
10.0,1.0,0.4375,0.7844041438881201
10.0,1.0,0.5625,0.7941386999856924
10.0,1.0,0.6875,0.8039278835953986
10.0,1.0,0.8125,0.8137487705036754
10.0,1.0,0.9375,0.8235836413275242
10.0,1.0,1.0625,0.833469917150693
10.0,1.0,1.1875,0.8432956899390159
10.0,1.0,1.3125,0.853401388818344
10.0,1.0,1.4375,0.8628047122967221
10.0,1.0,1.5625,0.8719540252416191
10.0,1.0,1.6875,0.8811663400265021
10.0,1.0,1.8125,0.8903500298413075
10.0,1.0,1.9375,0.8995555148069362
10.0,1.0,2.0625,0.9086088501037656
10.0,1.0,2.1875,0.9178173667527584
10.0,1.0,2.3125,0.9262780720244347
10.0,1.0,2.4375,0.9400660162576182
10.0,2.0,0.0625,0.24009711610147977
10.0,2.0,0.1875,0.23385183803222254
10.0,2.0,0.3125,0.2251319616580115
10.0,2.0,0.4375,0.21559585611188
10.0,2.0,0.5625,0.20586130001430766
10.0,2.0,0.6875,0.19607211640460134
10.0,2.0,0.8125,0.1862512294963247
10.0,2.0,0.9375,0.17641635867247565
10.0,2.0,1.0625,0.16653008284930684
10.0,2.0,1.1875,0.15670431006098404
10.0,2.0,1.3125,0.14659861118165624
10.0,2.0,1.4375,0.13719528770327777
10.0,2.0,1.5625,0.1280459747583809
10.0,2.0,1.6875,0.1188336599734981
10.0,2.0,1.8125,0.10964997015869281
10.0,2.0,1.9375,0.10044448519306347
10.0,2.0,2.0625,0.09139114989623434
10.0,2.0,2.1875,0.08218263324724161
10.0,2.0,2.3125,0.0737219279755653
10.0,2.0,2.4375,0.059933983742381916
10.0,3.0,0.0625,-4.722539762515375e-25
10.0,3.0,0.1875,1.389491530142179e-24
10.0,3.0,0.3125,1.9376482722485432e-24
10.0,3.0,0.4375,-1.0024093275446467e-25
10.0,3.0,0.5625,-2.557464470115966e-24
10.0,3.0,0.6875,-4.39885424999301e-24
10.0,3.0,0.8125,-4.883128603850892e-24
10.0,3.0,0.9375,-3.615289182113733e-24
10.0,3.0,1.0625,-1.6746702203498103e-24
10.0,3.0,1.1875,-5.470553757240276e-25
10.0,3.0,1.3125,1.193328033221174e-27
10.0,3.0,1.4375,1.5534063462164047e-26
10.0,3.0,1.5625,-1.7934219713121478e-25
10.0,3.0,1.6875,-6.023106145695731e-25
10.0,3.0,1.8125,-5.913930993816302e-25
10.0,3.0,1.9375,-1.7059431828237705e-24
10.0,3.0,2.0625,-9.506131148940563e-25
10.0,3.0,2.1875,-4.264090721603687e-24
10.0,3.0,2.3125,-5.373795760610132e-24
10.0,3.0,2.4375,2.8110386652823875e-24
10.0,1.0,0.0625,0.7599028838985201
10.0,1.0,0.1875,0.7661481619677774
10.0,1.0,0.3125,0.7748680383419884
10.0,1.0,0.4375,0.7844041438881201
10.0,1.0,0.5625,0.7941386999856924
10.0,1.0,0.6875,0.8039278835953986
10.0,1.0,0.8125,0.8137487705036754
10.0,1.0,0.9375,0.8235836413275242
10.0,1.0,1.0625,0.833469917150693
10.0,1.0,1.1875,0.8432956899390159
10.0,1.0,1.3125,0.853401388818344
10.0,1.0,1.4375,0.8628047122967221
10.0,1.0,1.5625,0.8719540252416191
10.0,1.0,1.6875,0.8811663400265021
10.0,1.0,1.8125,0.8903500298413075
10.0,1.0,1.9375,0.8995555148069362
10.0,1.0,2.0625,0.9086088501037656
10.0,1.0,2.1875,0.9178173667527584
10.0,1.0,2.3125,0.9262780720244347
10.0,1.0,2.4375,0.9400660162576182
10.0,2.0,0.0625,0.24009711610147977
10.0,2.0,0.1875,0.23385183803222254
10.0,2.0,0.3125,0.2251319616580115
10.0,2.0,0.4375,0.21559585611188
10.0,2.0,0.5625,0.20586130001430766
10.0,2.0,0.6875,0.19607211640460134
10.0,2.0,0.8125,0.1862512294963247
10.0,2.0,0.9375,0.17641635867247565
10.0,2.0,1.0625,0.16653008284930684
10.0,2.0,1.1875,0.15670431006098404
10.0,2.0,1.3125,0.14659861118165624
10.0,2.0,1.4375,0.13719528770327777
10.0,2.0,1.5625,0.1280459747583809
10.0,2.0,1.6875,0.1188336599734981
10.0,2.0,1.8125,0.10964997015869281
10.0,2.0,1.9375,0.10044448519306347
10.0,2.0,2.0625,0.09139114989623434
10.0,2.0,2.1875,0.08218263324724161
10.0,2.0,2.3125,0.0737219279755653
10.0,2.0,2.4375,0.059933983742381916
10.0,3.0,0.0625,-4.722539762515375e-25
10.0,3.0,0.1875,1.389491530142179e-24
10.0,3.0,0.3125,1.9376482722485432e-24
10.0,3.0,0.4375,-1.0024093275446467e-25
10.0,3.0,0.5625,-2.557464470115966e-24
10.0,3.0,0.6875,-4.39885424999301e-24
10.0,3.0,0.8125,-4.883128603850892e-24
10.0,3.0,0.9375,-3.615289182113733e-24
10.0,3.0,1.0625,-1.6746702203498103e-24
10.0,3.0,1.1875,-5.470553757240276e-25
10.0,3.0,1.3125,1.193328033221174e-27
10.0,3.0,1.4375,1.5534063462164047e-26
10.0,3.0,1.5625,-1.7934219713121478e-25
10.0,3.0,1.6875,-6.023106145695731e-25
10.0,3.0,1.8125,-5.913930993816302e-25
10.0,3.0,1.9375,-1.7059431828237705e-24
10.0,3.0,2.0625,-9.506131148940563e-25
10.0,3.0,2.1875,-4.264090721603687e-24
10.0,3.0,2.3125,-5.373795760610132e-24
10.0,3.0,2.4375,2.8110386652823875e-24
12.0,1.0,0.0625,0.5104582758640847
12.0,1.0,0.1875,0.5170608892032523
12.0,1.0,0.3125,0.5262650708768444
12.0,1.0,0.4375,0.5363086794767429
12.0,1.0,0.5625,0.5465325181437335
12.0,1.0,0.6875,0.5567835451394595
12.0,1.0,0.8125,0.5670367231974941
12.0,1.0,0.9375,0.5772747242384318
12.0,1.0,1.0625,0.5875328730247955
12.0,1.0,1.1875,0.5977015179679537
12.0,1.0,1.3125,0.6081189325152132
12.0,1.0,1.4375,0.6177874358023681
12.0,1.0,1.5625,0.6271988485106865
12.0,1.0,1.6875,0.6366529330951779
12.0,1.0,1.8125,0.6460661947765984
12.0,1.0,1.9375,0.6554793671733581
12.0,1.0,2.0625,0.6647502251862786
12.0,1.0,2.1875,0.6742578266514178
12.0,1.0,2.3125,0.6830282390905588
12.0,1.0,2.4375,0.6970229566232565
12.0,2.0,0.0625,0.4895417241359152
12.0,2.0,0.1875,0.4829391107967476
12.0,2.0,0.3125,0.47373492912315557
12.0,2.0,0.4375,0.4636913205232571
12.0,2.0,0.5625,0.4534674818562661
12.0,2.0,0.6875,0.4432164548605404
12.0,2.0,0.8125,0.43296327680250635
12.0,2.0,0.9375,0.4227252757615684
12.0,2.0,1.0625,0.4124671269752043
12.0,2.0,1.1875,0.4022984820320462
12.0,2.0,1.3125,0.3918810674847865
12.0,2.0,1.4375,0.38221256419763205
12.0,2.0,1.5625,0.3728011514893136
12.0,2.0,1.6875,0.36334706690482227
12.0,2.0,1.8125,0.3539338052234015
12.0,2.0,1.9375,0.34452063282664175
12.0,2.0,2.0625,0.3352497748137216
12.0,2.0,2.1875,0.32574217334858263
12.0,2.0,2.3125,0.3169717609094415
12.0,2.0,2.4375,0.3029770433767435
12.0,3.0,0.0625,-9.74188003678152e-25
12.0,3.0,0.1875,2.5128077952914647e-24
12.0,3.0,0.3125,2.881395628805528e-24
12.0,3.0,0.4375,-5.757102485309771e-25
12.0,3.0,0.5625,1.6226520268790744e-24
12.0,3.0,0.6875,6.519276761800869e-24
12.0,3.0,0.8125,6.982282922507101e-24
12.0,3.0,0.9375,2.090094023996028e-24
12.0,3.0,1.0625,-4.808304702763185e-24
12.0,3.0,1.1875,-1.0309256395339109e-23
12.0,3.0,1.3125,-1.1479770581792502e-23
12.0,3.0,1.4375,-7.959167839013137e-24
12.0,3.0,1.5625,-4.384566894225167e-25
12.0,3.0,1.6875,2.6657789670677704e-24
12.0,3.0,1.8125,-9.79009883874425e-24
12.0,3.0,1.9375,-2.285015493754226e-23
12.0,3.0,2.0625,-2.0630559185547104e-23
12.0,3.0,2.1875,-2.2323457235290686e-24
12.0,3.0,2.3125,1.8823928194179558e-23
12.0,3.0,2.4375,3.46238920500167e-23
12.0,1.0,0.0625,0.5104582756479663
12.0,1.0,0.1875,0.5170608889928251
12.0,1.0,0.3125,0.5262650706455609
12.0,1.0,0.4375,0.5363086792454114
12.0,1.0,0.5625,0.5465325179073518
12.0,1.0,0.6875,0.5567835448562385
12.0,1.0,0.8125,0.5670367229210813
12.0,1.0,0.9375,0.5772747240153289
12.0,1.0,1.0625,0.5875328726483162
12.0,1.0,1.1875,0.597701517131986
12.0,1.0,1.3125,0.6081189314311852
12.0,1.0,1.4375,0.617787435235685
12.0,1.0,1.5625,0.6271988481536646
12.0,1.0,1.6875,0.6366529316417269
12.0,1.0,1.8125,0.6460661897142608
12.0,1.0,1.9375,0.6554793580671642
12.0,1.0,2.0625,0.6647502159704556
12.0,1.0,2.1875,0.674257827755902
12.0,1.0,2.3125,0.6830282491641172
12.0,1.0,2.4375,0.6970229743460908
12.0,2.0,0.0625,0.48954172435203375
12.0,2.0,0.1875,0.482939111007175
12.0,2.0,0.3125,0.4737349293544392
12.0,2.0,0.4375,0.4636913207545887
12.0,2.0,0.5625,0.4534674820926482
12.0,2.0,0.6875,0.4432164551437615
12.0,2.0,0.8125,0.43296327707891874
12.0,2.0,0.9375,0.42272527598467113
12.0,2.0,1.0625,0.4124671273516838
12.0,2.0,1.1875,0.4022984828680139
12.0,2.0,1.3125,0.3918810685688147
12.0,2.0,1.4375,0.382212564764315
12.0,2.0,1.5625,0.37280115184633555
12.0,2.0,1.6875,0.3633470683582731
12.0,2.0,1.8125,0.3539338102857393
12.0,2.0,1.9375,0.34452064193283577
12.0,2.0,2.0625,0.3352497840295443
12.0,2.0,2.1875,0.3257421722440979
12.0,2.0,2.3125,0.31697175083588275
12.0,2.0,2.4375,0.30297702565390916
12.0,3.0,0.0625,-1.133847228954441e-24
12.0,3.0,0.1875,2.5374830591219014e-24
12.0,3.0,0.3125,2.7773069103886686e-24
12.0,3.0,0.4375,-4.170766687489474e-25
12.0,3.0,0.5625,1.5805515951479684e-24
12.0,3.0,0.6875,6.508902137029897e-24
12.0,3.0,0.8125,6.851463943194715e-24
12.0,3.0,0.9375,2.112919583462283e-24
12.0,3.0,1.0625,-4.542585689669327e-24
12.0,3.0,1.1875,-1.0300385764339931e-23
12.0,3.0,1.3125,-1.1104179363686719e-23
12.0,3.0,1.4375,-6.97459903770384e-24
12.0,3.0,1.5625,4.829524157177256e-25
12.0,3.0,1.6875,3.7415672693389416e-24
12.0,3.0,1.8125,-7.772680445409361e-24
12.0,3.0,1.9375,-2.240854229879091e-23
12.0,3.0,2.0625,-2.0623424737915379e-23
12.0,3.0,2.1875,-3.4250840844013684e-24
12.0,3.0,2.3125,1.7150462784018756e-23
12.0,3.0,2.4375,3.4141397801821854e-23
20.0,1.0,0.0625,0.4999999999999388
20.0,1.0,0.1875,0.499999999998117
20.0,1.0,0.3125,0.5000000000011184
20.0,1.0,0.4375,0.5000000000012461
20.0,1.0,0.5625,0.4999999999995846
20.0,1.0,0.6875,0.500000000000142
20.0,1.0,0.8125,0.500000000002923
20.0,1.0,0.9375,0.4999999999981148
20.0,1.0,1.0625,0.4999999999944724
20.0,1.0,1.1875,0.5000000000053098
20.0,1.0,1.3125,0.5000000000101346
20.0,1.0,1.4375,0.5000000000052727
20.0,1.0,1.5625,0.5000000000040695
20.0,1.0,1.6875,0.4999999998594793
20.0,1.0,1.8125,0.4999999998581272
20.0,1.0,1.9375,0.5000000004827061
20.0,1.0,2.0625,0.5000000008653662
20.0,1.0,2.1875,0.4999999989054563
20.0,1.0,2.3125,0.49999999783594257
20.0,1.0,2.4375,0.5000000010193806
20.0,2.0,0.0625,0.5000000000000613
20.0,2.0,0.1875,0.500000000001883
20.0,2.0,0.3125,0.4999999999988817
20.0,2.0,0.4375,0.49999999999875394
20.0,2.0,0.5625,0.5000000000004154
20.0,2.0,0.6875,0.49999999999985795
20.0,2.0,0.8125,0.49999999999707717
20.0,2.0,0.9375,0.5000000000018854
20.0,2.0,1.0625,0.5000000000055278
20.0,2.0,1.1875,0.49999999999469025
20.0,2.0,1.3125,0.4999999999898655
20.0,2.0,1.4375,0.49999999999472733
20.0,2.0,1.5625,0.4999999999959305
20.0,2.0,1.6875,0.5000000001405206
20.0,2.0,1.8125,0.5000000001418728
20.0,2.0,1.9375,0.4999999995172938
20.0,2.0,2.0625,0.49999999913463355
20.0,2.0,2.1875,0.5000000010945439
20.0,2.0,2.3125,0.5000000021640574
20.0,2.0,2.4375,0.49999999898061925
20.0,3.0,0.0625,3.981921176606032e-23
20.0,3.0,0.1875,7.183314316878575e-23
20.0,3.0,0.3125,8.751571995459893e-23
20.0,3.0,0.4375,-1.2245684874120212e-23
20.0,3.0,0.5625,-1.3700824433824664e-22
20.0,3.0,0.6875,-2.2948210979814436e-22
20.0,3.0,0.8125,-2.883783402128821e-22
20.0,3.0,0.9375,-2.929254884392054e-22
20.0,3.0,1.0625,-2.6066441347678563e-22
20.0,3.0,1.1875,-2.1411158614443664e-22
20.0,3.0,1.3125,-1.5847112701038047e-22
20.0,3.0,1.4375,-1.1571056490690279e-22
20.0,3.0,1.5625,-8.498168669080794e-23
20.0,3.0,1.6875,-6.70425542089126e-23
20.0,3.0,1.8125,-5.511030722151783e-23
20.0,3.0,1.9375,-5.873162341871213e-23
20.0,3.0,2.0625,-3.020059815399547e-23
20.0,3.0,2.1875,-2.0335187583125855e-23
20.0,3.0,2.3125,4.6036003010600456e-23
20.0,3.0,2.4375,1.152250558943199e-22
20.0,1.0,0.0625,0.4999999999999437
20.0,1.0,0.1875,0.4999999999982891
20.0,1.0,0.3125,0.5000000000008875
20.0,1.0,0.4375,0.5000000000012119
20.0,1.0,0.5625,0.499999999999452
20.0,1.0,0.6875,0.5000000000001862
20.0,1.0,0.8125,0.5000000000032919
20.0,1.0,0.9375,0.4999999999977809
20.0,1.0,1.0625,0.49999999999382067
20.0,1.0,1.1875,0.5000000000061343
20.0,1.0,1.3125,0.5000000000113918
20.0,1.0,1.4375,0.5000000000056675
20.0,1.0,1.5625,0.5000000000043061
20.0,1.0,1.6875,0.49999999984073984
20.0,1.0,1.8125,0.49999999984637905
20.0,1.0,1.9375,0.5000000005557679
20.0,1.0,2.0625,0.5000000009428246
20.0,1.0,2.1875,0.49999999872599865
20.0,1.0,2.3125,0.4999999976286271
20.0,1.0,2.4375,0.5000000011894622
20.0,2.0,0.0625,0.5000000000000562
20.0,2.0,0.1875,0.5000000000017109
20.0,2.0,0.3125,0.49999999999911254
20.0,2.0,0.4375,0.49999999999878797
20.0,2.0,0.5625,0.5000000000005481
20.0,2.0,0.6875,0.49999999999981376
20.0,2.0,0.8125,0.499999999996708
20.0,2.0,0.9375,0.5000000000022191
20.0,2.0,1.0625,0.5000000000061793
20.0,2.0,1.1875,0.49999999999386563
20.0,2.0,1.3125,0.4999999999886081
20.0,2.0,1.4375,0.4999999999943325
20.0,2.0,1.5625,0.4999999999956939
20.0,2.0,1.6875,0.50000000015926
20.0,2.0,1.8125,0.5000000001536209
20.0,2.0,1.9375,0.4999999994442322
20.0,2.0,2.0625,0.49999999905717546
20.0,2.0,2.1875,0.5000000012740013
20.0,2.0,2.3125,0.5000000023713729
20.0,2.0,2.4375,0.4999999988105378
20.0,3.0,0.0625,4.211883432044434e-23
20.0,3.0,0.1875,6.745440114616024e-23
20.0,3.0,0.3125,6.790444836671821e-23
20.0,3.0,0.4375,-3.6343972812235946e-23
20.0,3.0,0.5625,-1.5861712010411314e-22
20.0,3.0,0.6875,-2.3888325464735994e-22
20.0,3.0,0.8125,-2.9350982911960138e-22
20.0,3.0,0.9375,-2.8951141881237647e-22
20.0,3.0,1.0625,-2.5487125203641255e-22
20.0,3.0,1.1875,-2.08330679788624e-22
20.0,3.0,1.3125,-1.5193899445389304e-22
20.0,3.0,1.4375,-1.1076714389646254e-22
20.0,3.0,1.5625,-8.135156454995898e-23
20.0,3.0,1.6875,-6.531290504436354e-23
20.0,3.0,1.8125,-5.615471804812448e-23
20.0,3.0,1.9375,-5.973211330937532e-23
20.0,3.0,2.0625,-3.1589968081379e-23
20.0,3.0,2.1875,-1.7971941082905936e-23
20.0,3.0,2.3125,4.028883686547411e-23
20.0,3.0,2.4375,1.4481719832008743e-22
20.0,1.0,0.0625,0.4999999999999437
20.0,1.0,0.1875,0.4999999999982891
20.0,1.0,0.3125,0.5000000000008875
20.0,1.0,0.4375,0.5000000000012119
20.0,1.0,0.5625,0.499999999999452
20.0,1.0,0.6875,0.5000000000001862
20.0,1.0,0.8125,0.5000000000032919
20.0,1.0,0.9375,0.4999999999977809
20.0,1.0,1.0625,0.49999999999382067
20.0,1.0,1.1875,0.5000000000061343
20.0,1.0,1.3125,0.5000000000113918
20.0,1.0,1.4375,0.5000000000056675
20.0,1.0,1.5625,0.5000000000043061
20.0,1.0,1.6875,0.49999999984073984
20.0,1.0,1.8125,0.49999999984637905
20.0,1.0,1.9375,0.5000000005557679
20.0,1.0,2.0625,0.5000000009428246
20.0,1.0,2.1875,0.49999999872599865
20.0,1.0,2.3125,0.4999999976286271
20.0,1.0,2.4375,0.5000000011894622
20.0,2.0,0.0625,0.5000000000000562
20.0,2.0,0.1875,0.5000000000017109
20.0,2.0,0.3125,0.49999999999911254
20.0,2.0,0.4375,0.49999999999878797
20.0,2.0,0.5625,0.5000000000005481
20.0,2.0,0.6875,0.49999999999981376
20.0,2.0,0.8125,0.499999999996708
20.0,2.0,0.9375,0.5000000000022191
20.0,2.0,1.0625,0.5000000000061793
20.0,2.0,1.1875,0.49999999999386563
20.0,2.0,1.3125,0.4999999999886081
20.0,2.0,1.4375,0.4999999999943325
20.0,2.0,1.5625,0.4999999999956939
20.0,2.0,1.6875,0.50000000015926
20.0,2.0,1.8125,0.5000000001536209
20.0,2.0,1.9375,0.4999999994442322
20.0,2.0,2.0625,0.49999999905717546
20.0,2.0,2.1875,0.5000000012740013
20.0,2.0,2.3125,0.5000000023713729
20.0,2.0,2.4375,0.4999999988105378
20.0,3.0,0.0625,4.211883432044434e-23
20.0,3.0,0.1875,6.745440114616024e-23
20.0,3.0,0.3125,6.790444836671821e-23
20.0,3.0,0.4375,-3.6343972812235946e-23
20.0,3.0,0.5625,-1.5861712010411314e-22
20.0,3.0,0.6875,-2.3888325464735994e-22
20.0,3.0,0.8125,-2.9350982911960138e-22
20.0,3.0,0.9375,-2.8951141881237647e-22
20.0,3.0,1.0625,-2.5487125203641255e-22
20.0,3.0,1.1875,-2.08330679788624e-22
20.0,3.0,1.3125,-1.5193899445389304e-22
20.0,3.0,1.4375,-1.1076714389646254e-22
20.0,3.0,1.5625,-8.135156454995898e-23
20.0,3.0,1.6875,-6.531290504436354e-23
20.0,3.0,1.8125,-5.615471804812448e-23
20.0,3.0,1.9375,-5.973211330937532e-23
20.0,3.0,2.0625,-3.1589968081379e-23
20.0,3.0,2.1875,-1.7971941082905936e-23
20.0,3.0,2.3125,4.028883686547411e-23
20.0,3.0,2.4375,1.4481719832008743e-22
